<?xml version="1.0" encoding="UTF-8"?>
<root>
  <item name="com.heinrichreimersoftware.materialdrawer.theme.DrawerTheme com.heinrichreimersoftware.materialdrawer.theme.DrawerTheme setBackgroundColorRes(int) 0">
    <annotation name="android.support.annotation.ColorRes" />
  </item>
  <item name="com.heinrichreimersoftware.materialdrawer.theme.DrawerTheme com.heinrichreimersoftware.materialdrawer.theme.DrawerTheme setHighlightColorRes(int) 0">
    <annotation name="android.support.annotation.ColorRes" />
  </item>
  <item name="com.heinrichreimersoftware.materialdrawer.theme.DrawerTheme com.heinrichreimersoftware.materialdrawer.theme.DrawerTheme setTextColorPrimaryInverseRes(int) 0">
    <annotation name="android.support.annotation.ColorRes" />
  </item>
  <item name="com.heinrichreimersoftware.materialdrawer.theme.DrawerTheme com.heinrichreimersoftware.materialdrawer.theme.DrawerTheme setTextColorPrimaryRes(int) 0">
    <annotation name="android.support.annotation.ColorRes" />
  </item>
  <item name="com.heinrichreimersoftware.materialdrawer.theme.DrawerTheme com.heinrichreimersoftware.materialdrawer.theme.DrawerTheme setTextColorSecondaryInverseRes(int) 0">
    <annotation name="android.support.annotation.ColorRes" />
  </item>
  <item name="com.heinrichreimersoftware.materialdrawer.theme.DrawerTheme com.heinrichreimersoftware.materialdrawer.theme.DrawerTheme setTextColorSecondaryRes(int) 0">
    <annotation name="android.support.annotation.ColorRes" />
  </item>
</root>

